# List contributed by Joachim Ducke, Freiherr-vom-Stein Gymnasium Leverkusen
# Examples taken from http://www.bernd-ruppel.de/rep_voc_adeo.pdf
# page;latin;case;declination;german1;german2;german3;german4;german5;german6;example1;example2;example3;example4
1;a;;;von;;;;;;Caesar a multis laudatur. - Caesar wird von vielen gelobt.;;;
1;ab;mit Ablativ;;von her;;;;;;ab Italia proficisci - aus Italien abreisen ;;;
1;abesse;;absum, afui;abwesend sein;fehlen;;;;;oma a litore triginta fere chiliometra abest. - Rom ist ungefähr 30 Kilometer von der Küste entfernt;;;
1;abire;;abeo, abii, abitum;weggehen;;;;;;;;;
1;ac;;;und;und auch;;;;;;;;
1;atque;im Vergleich;;wie;als;;;;;;;;
1;accedere;;accedo, accessi,accessum (ad m. Akk.);herbeikommen,;hinzukommen;;;;;;;;
1;accidere;;accido, accidi;geschehen;sich ereignen;;;;;Calamitas accidit. - Ein Unglück hat sich ereignet. ;Bene accidit, quod ades. - Es trifft sich gut, dass du da bist. ;;
1;accipere;;accipio, accepi, acceptum;erhaltern;erfahren;;;;;Litteras accepi. - Ich habe den Brief erhalten. ;Miles vulnus grave accepit. - Der Soldat erhielt eine schwere Verwundung. ;;
1;acies;;aciei f.;Schlachtordnung;;;;;;Imperator bonus aciem diligenter instituit. - Ein guter Feldherr stellt seine Schlachtordnung sorgfältig auf.;;;
1;ad;m. Akk.;;an;bei;nach;zu;;;;;;
1;adducere;;adduco, adduxi, adductum;heranführen;veranlassen;;;;;Imperator auxilia adduxit. - Der Feldherr führte Hilfstruppen heran. ;Cupiditate adductus hoc fecit. - Er tat dies von Begierde veranlasst. ;;
1;adeo;Adv.;;so sehr;;;;;;Caesar Cleopatram adeo amavit, ut eam Romam duceret. - Cäsar liebte Kleopatra so sehr, dass er sie nach Rom brachte. ;;;
1;adesse;;adsum, adfui (m. Dat);da sein;helfen;;;;;Di nobis adsint! - Mögen die Götter uns helfen! ;;;
1;adhuc;Adv.;;bis jetzt, noch;;;;;;;;;
1;adire;;adeo, adii, aditum ;herantreten;bitten;;;;;herantreten (an);Legati Caesarem adierunt. - Die Gesandten suchten Cäsar auf. ;;
1;adventus;;adventus m.;Ankunft;;;;;;Quotannis nos Christiani adventum Christi celebramus. - Jedes Jahr feiern wir Christen die Ankunft Christi. ;;;
1;aedis;;aedis f.;Tempel;Haus;;;;;;;;
1;aequus;;aequa, aequum;eben;gerecht;gleich;;;;Hoc aequum non est. - Das ist nicht gerecht. ;aeque dividere - zu gleichen Teilen aufteilen ;;
1;aetas;;aetatis f.;Lebensalter;Zeitalter;Zeit;;;;Augusti aetate - zur Zeit des Augustus ;a prima aetate - von Kindheit an ;extrema aetas - das Greisenalter ;
1;ager;;agri m.;Acker;Feld;Gebiet;;;;;;;
1;agere;;ago egi, actum;(ver)handeln, treiben;;;;;;nihil agere - nichts tun ;vitam agere - sein Leben führen ;de pace agere - über den Frieden verhandeln ;
1;agmen;;agminis n.;Heereszug;;;;;;agmen procedit - der Heereszug rückt voran ;agmen primum - die Vorhut / agmen novissimum - die Nachhut ;;
1;aio;;3. Ps. Sg. ait, 3. Ps. Pl;behaupte ich;behauptete ich;sage ich;sagte ich;;;;;;
1;aiunt;;;ich;;;;;;;;;
1;alienus;;aliena, alienum;fremd;;;;;;;;;
1;aliquis;;aliquid;jemand;irgendjemand;;;;;Aliquis dixerit…. - Irgendjemand könnte sagen… ;;;
1;alius;;alia, aliud Gen.: alterius, altera, alterum;ein anderer;der eine;der andere;;;;alius discit, alius ludit - der eine lernt, der andere spielt ;alius alii adesse debet - der eine soll dem anderen helfen ;;
1;altus;;alta, altum;hoch;tief;;;;;;;;
1;amare;;amo;lieben;;;;;;;;;
1;amicitia;;amicitiae f.;Freundschaft;;;;;;;;;
1;amicus;;amici m.;Freund;;;;;;;;;
1;amittere;;amitto, amisi, amissum;aufgeben;verlieren;;;;;;;;
1;amor;;amoris m.;Liebe;;;;;;;;;
1;amplus ;;ampla, amplum ;bedeutend;groß;weit;;;;;;;
1;an ;;;ob;oder;;;;;ob nicht;oder etwa;Cur non discis? An id non necessarium esse putas? - Warum lernst du nicht? Hältst du das etwa nicht für notwendig?;Nescio, an hoc verum sit. - Ich weiß nicht, ob dies wahr ist. 
1;animus;;animi m.;Geist;Gesinnung;Mut;;;;bono animo este! - seid zuversichtlich! ;;;
1;annus;;anni m;Jahr;;;;;;anno domini MMIX - im Jahr 2009;;;
1;ante;m. Akk.;;vor;;;;;;Hostis ante urbem stat. - Der Feind steht vor der Stadt.;ante proelium - vor dem Kampf ;;
1;ante;Adv.;;vorher;;;;;;;;;
1;appellare;;appello;anrufen;nennen;;;;;;;;
1;apud;m. Akk.;;bei;nahe bei;;;;;;;;
1;aqua;;aquae f.;Wasser;;;;;;;;;
1;arbitrari;;arbitror, arbitratus sum;glauben;meinen;;;;;;;;
1;arma;;armorum Pl.;Gerät;Waffen;;;;;arma capere - die Waffen ergreifen ;;;
1;at;;;aber;dagegen;jedoch;;;;;;;
1;auctoritas ;;auctoritatis f. ;Ansehen;Einfluss;Macht;;;;;;;
2;audere;;audeo, ausus sum;wagen;;;;;;Primum audiendum, deinde audendum est. - Zuerst muss man zuhören, dann muss man etwas wagen. ;;;
2;audire;;audio, audivi, auditum;hören;;;;;;;;;
2;auferre;;aufero, abstuli, ablatum;rauben;wegbringen;;;;;;;;
2;aurum;;auri n.;Gold;;;;;;;;;
2;aut;;;oder;;;;;;;;;
2;autem;;;aber;andererseits;;;;;;;;
2;auxilium;;auxilii n.;Hilfe;Hilfstruppen;;;;;;;;
2;barbarus;;barbara, barbarum;ausländisch;unzivilisiert;;;;;Germani barbari erant. - Die Germanen waren unzivilisiert / Barbaren. ;;;
2;bellum;;belli n.;Krieg;;;;;;Karthaginienses Romanis bellum intulerunt. - Die Karthager griffen die Römer  ;alicui bellum inferre - wörtlich: jemandem Krieg hineintragen / besser:  jemanden angreifen ;;
2;bene;Adv.;;gut;;;;;;Bene me habeo. - Mir geht es gut. ;bene vertere - zum Guten wenden ;Bene facis, quod vocabula discis. - Du tust gut daran, die Vokabeln zu lernen. ;rem bene gerere - etwas gut durchführen, Erfolg haben 
2;bonus;;bona, bonum;gut;;;;;;;;;
2;caelum;;caeli n.;Himmel;;;;;;;;;
2;capere;;capio, cepi, captum;fassen;nehmen;erobern;;;;urbem capere - die Stadt einnehmen ;consilium capere - einen Beschluss fassen ;;
2;caput;;capitis n.;Hauptstadt;kopf;;;;;Londinium caput Angliterrae est. - London ist die Hauptstadt Englands. ;;;
2;castra;;castrorum Pl.;Lager;;;;;;Imperator castra hic poni iubet. - Der Feldherr befiehlt, das Lager hier aufzuschlagen;castra ponere - ein Lager aufschlagen ;;
2;casus;;casus m.;Fall, Zufall;;;;;;Casu id comperi. - Dies habe ich durch Zufall erfahren. ;;;
2;causa;;causae f.;Sache;Prozess;Ursache;;;; Causa huius rei haec erat: - Der Grund für diese Sache war folgender;;;
2;causa;nachgestellt, m. Genitiv;;wegen;;;;;;videndi causa - (wörtl. wegen des Sehens) um zu sehen ;;;
2;celer;;celeris. celere;schnell;;;;;;;;;
2;certus;;carta, certum;sicher;;;;;;Certus amicus in re incerta cernitur. - Ein verlässlicher Freund wird in einer unsicheren Lage erkannt;;;
2;ceteri;;ceterae, cetera;die übrigen;;;;;;;;;
2;civis;;civis m.;Bürger;;;;;;;;;
2;civitas;;civitatis f.;Gemeinde;Staat;Bürgerrecht;;;;;;;
2;clarus;;clara, clarum;berühmt;hell;klar;;;;;;;
2;classis;;classis f.;Abteilung;Flotte;;;;;;;;
2;cogere;;cogo, coegi, coactum;sammeln;versammeln;zwingen;;;;Caesar copias in portum coegit. - Cäsar versammelte die Truppen im Hafen. ;Inopia frumenti coacti Galli oppidum oppugnabant. - Aus Mangel an Getreide gezwungen griffen die Gallier die Stadt an. ;;
2;cognoscere;;cognosco, cognovi,cognitum;erkennen;kennen lernen;kennen;wissen;;;;;;
2;colere;;colo, colui, cultum;bewirtschaften;pflegen;verehren;;;;agrum colere - den Acker bebauen / bewirtschaften ;deos colere - die Götter verehren ;;
2;committere;;committo, commisi,commissum;anvertrauen;veranstalten;zustande bringen;;;;scelus committere - ein Verbrechen begehen;proelium committere - eine Schlacht schlagen ;;
2;communis;;communis, commune;gemeinam;allgemein;;;;;Mors omnibus hominibus communis est. - Der Tod ist allen Menschen  ;;;
2;complures;;complurium (Gen Pl.);mehrere;;;;;;;;;
2;conferre ;;confero, contuli, collatum ;vergleichen;zusammentragen;;;;;sarcinas conferre - das Gepäck (an einen Ort) zusammentragen; pacem cum bello conferre - Frieden mit Krieg vergleichen;;
2;consilium;;consilii n.;Beratung;beschluss;plan;rat;;;;;;
2;consistere;;consisto, constiti;Halt machen;sich aufstellen;;;;;;;;
2;constituere;;constituo, constitui,constitutum;festsetzen;beschliessen;;;;;;;;
2;consul;;consulis m.;Konsul;;;;;;;;;
2;contendere;;contendo, contendi;behaupten;eilen;sich anstrengen;kämpfen;;;Caesar itineribus magnis Romam contendit. - Cäsar eilte in Eilmärschen nach Rom; Galli saepe cum Germanis contendunt. - Die Gallier kämpfen oft mit den Germanen;Contendo vos non didicisse. - Ich behaupte, dass ihr nicht gelernt habt;
2;contra;m. Akk.;;gegen;;;;;;;;;
2;contra;Adv.;;gegenüber;;;;;;;;;
2;convenire;;convenio, conveni,conventum;besuchen;zusammenkommen;zusammenpassen;;;;;;;
3;copia;;copiae f;Menge;Möglichkeit;vorrat;Truppen;;;;;;
3;corpus;;corporis n.;Körper;Leichnahm;;;;;;;;
3;credere;;credo, credidi, creditum;anvertrauen;glauben;;;;;;;;
3;crimen;;criminis n.;Beschuldigung;Vorwurf;Verbrechen;;;;falsum crimen - eine falsche Beschuldigung ;auctor criminis - der Urheber der Beschuldigung ;;
3;cum;mit Ablativ;;mit;zusammen mit;;;;;;;;
3;cum;Subjunktion m. Indikativ;;als;als plötzlich;zu der Zeit als;immer wenn;wenn;;;;;
3;cum;Subjunktion m.Konjunktiv;;als;nachdem;weil;obwohl;während;;;;;
3;cupere;;cupio, cupivi, cupitum;verlangen;wünschen;;;;;;;;
3;cur;;;warum;;;;;;;;;
3;cura;;curae f.;Pflege;Sorge;;;;;;;;
3;dare;;do, dedi, datum;geben;;;;;;;;;
3;de;mit Ablativ;;von;von her;von herab;über;;;;;;
3;debere;;debeo;müssen;sollen;schulden;;;;;;;
3;defendere;;defendo, defendi,defensum;abwehren;verteidigen;;;;;;;;
3;deinde;Adv.;;dann;darauf;;;;;;;;
3;deus;;dei m.;Gott;Gottheit;;;;;;;;
3;dicere;;dico, dixi, dictum;sagen;sprechen;;;;;;;;
3;dicere;mit doppeltem Akkusativ;;benennen;nennen;;;;;;;;
3;dies;;diei 1 m. 2 f.;Tag;Termin;;;;;;;;
3;dignus;;digna, dignum (mit Ablativ);wert;würdig;;;;;würdig (einer Sache);Summa laude dignus es. - Du hast höchstes Lob verdient;;
3;discedere;;discedo, discessi,discessum;auseinander gehen;weggehen;;;;;;;;
3;diu;Adv.;;lange;;;;;;lange (Zeit);;;
3;dolor;;doloris m.;Schmerz;;;;;;;;;
3;dominus;;domini m.;Hausherr;Herr;;;;;;;;
3;domus;;domus f.;Haus;;;;;;;;;
3;dubitare;;dubito (mit Infinitiv);zweifeln;zögern;;;;;;;;
3;ducere;;duco, duxi, ductum;führen;ziehen;;;;;;;;
3;dum;Subjunktion m. Indikativ;;während;solange;solange bis;;;;;;;
3;dum;Subj. m. Konjunktiv ;;wenn nur ;;;;;;;;;
3;duo;;duae, duo;zwei;;;;;;;;;
3;dux;;ducis m./f.;Anführer;Anführerin;;;;;Caesare duce - unter Führung Cäsars ;;;
3;e / ex;mit Ablativ;;aus;von her;;;;;;;;
3;ego;;;ich;;;;;;;;;
3;emere;;emo, emi, emptum;kaufen;;;;;;;;;
3;enim;Adv.;;nämlich;in der Tat;;;;;;;;
3;eo;Adv.;;dorthin;deswegen;;;;;;;;
3;eques;;equitis m.;Reiter;Ritter;;;;;;;;
3;equitatus;;equitatus m.;Reiterei;;;;;;;;;
3;equus;;equi m.;Pferd;;;;;;;;;
3;ergo;Adv.;;also;deshalb;;;;;;;;
3;eripere;;eripio, eripui, ereptum;entreißen;;;;;;;;;
3;esse ;;sum, fui ;sein;sich befinden;;;;;;;;
4;et;;;und;auch;;;;;;;;
4;etiam;;;auch;sogar;;;;;;;;
4;exemplum;;exempli n.;Beispiel;Vorbild;;;;;;;;
4;exercitus;;exercitus m.;Heer;;;;;;;;;
4;existimare;;existimo;einschätzen;meinen;;;;;;;;
4;exspectare;;exspecto;warten;erwarten;;;;;;;;
4;facere;;facio, feci, factum;machen;tun;handeln;;;;Romani Caesarem dictatorem fecerunt. - Die Römer machten Cäsar zum ;;;
4;facilis;;facilis, facile;leicht;;;;;;leicht (zu tun);Facile erat Gallos vincere. - Es war leicht, die Gallier zu besiegen. ;;
4;facinus;;facinoris n.;Handlung;untat;;;;;;;;
4;factum;;facti n.;Handlung;Tat;Tatsache;;;;;;;
4;fama;;famae f.;Ruf;;;;;;(guter/schlechter) Ruf;;;
4;fatum;;fati n.;Götterspruch;Schicksal;;;;;;;;
4;ferre;;fero, tuli, latum;bringen;tragen;ertragen;;;;;;;
4;ferrum;;ferri n.;Eisen;Waffe;;;;;;;;
4;fides;;fidei f.;Glaube;Treue;Vertrauen;Zuverlässigkeit;;;fidem servare - sein Wort halten / die Treue halten ;;;
4;fieri;;fio, factus sum;gemacht werden ;geschehen;werdeb;;;;;;;
4;filia;;filiae f.;Tochter;;;;;;;;;
4;filius;;filii m.;Sohn;;;;;;;;;
4;finis;;finis m.;Ende;Grenze;Ziel;Zweck;Gebiet;;;;;
4;flumen;;fluminis n.;Fluss;;;;;;;;;
4;fortis;;fortis, forte;kräftig;tapfer;;;;;;;;
4;fortuna;;fortunae f.;Glück;Schicksal;;;;;;;;
4;frater;;fratris m.;Bruder;;;;;;;;;
4;frumentum;;frumenti n.;Getreide;;;;;;;;;
4;fuga;;fugae f.;Flucht;;;;;;;;;
4;fugere;;fugio, fugi;fliehen;meiden;;;;;Multi homines labores fugiunt. - Viele Menschen meiden Arbeiten. ;;;
4;gens;;gentis f.;Famillienverband;Stamm;Volk;;;;;;;
4;genus;;generis n.;Abstammung;Art;Geschlecht;;;;;;;
4;gerere;;gero, gessi, gestum;ausführen;führen;tragen;;;;galeam in capite gerere - den Helm auf dem Kopf tragen;bellum gerere - Krieg führen ;;
4;gloria;;gloriae f.;Ehre;Ruhm;;;;;;;;
4;gratia ;;gratiae f. ;Ansehen;Beliebtheit;Dank;Gefälligkeit;;;;;;
4;gravis;;gravis, grave;schwer;;;;;;;;;
4;habere;;habeo, habui;haben;halten;;;;;aliquem in numero amicorum habere - jemanden für einen Freund halten ;;;
4;haud;;;nicht;;;;;;;;;
4;hic;Adv.;;hier;;;;;;;;;
4;hic;;haec, hoc;dieser;diese;dieses;;;;dieser, diese, dieses (hier);;;
4;hinc;Adv.;;von hier;hierauf;;;;;;;;
4;homo;;hominis m.;Mensch;;;;;;homo homini lupus - der Mensch ist dem Menschen ein Wolf ;;;
4;honor / honos;;honoris m.;Ehre;Ehrenamt;;;;;honori esse - ehrenvoll sein / Ehre verschaffen ;;;
4;hostis;;hostis m.;Feind;;;;;;;;;
4;huc;Adv.;;hierher;;;;;;;;;
4;iam;Adv.;;nun;schon;;;;;;;;
4;non iam ;Adv. ;;nicht mehr ;;;;;;;;;
5;ibi;Adv.;;dort;;;;;;;;;
5;idem;;eadem, idem;derselbe;dergleiche;;;;;;;;
5;igitur;Adv.;;also;folglich;;;;;;;;
5;ignis;;ignis m.;Feuer;;;;;;;;;
5;ille;;illa, illud (Gen. illius);jener;jene;jenes;;;;;;;
5;imperare;;impero (m. Dat.);befehlen;herrschen;;;;;herrschen (über);;;
5;imperator;;imperatoris m.;Befehlshaber;Feldherr;Kaiser;;;;;;;
5;imperium;;imperii n.;Befehl;Befehlsgewalt;Herrschaft;Herrschaftsgebiet;;;;;;
5;impetus;;impetus m.;Angriff, Schwung;;;;;;impetum facere in - einen Angriff machen auf ;impetum sustinere - einem Angriff standhalten ;;
5;in;mit Ablativ;;in;an;auf;bei;;;bei wo?;;;
5;in;mit Akkusativ;;in;nach;gegen;;;;in hinein, gegen wohin?;;;
5;incipere;Adv.;incipio, coepi (incepi),inceptum;anfangen;beginnen;;;;;;;;
5;inde;;;von dort;darauf;deshalb;;;;;;;
5;inferre;;infero, intuli, illatum;hineintragen;zufügen;;;;;vinum in Germaniam inferre - Wein nach Germanien einführen ;Germanis bellum inferre - mit den Feinden Krieg anfangen ;alicui dolorem inferre - jemandem Schmerz zufügen ;
5;ingenium;;ingenii n.;Begabung;Talent;;;;;;;;
5;ingens;;ingens (f./n.) Gen. ingentis;gewaltig;ungeheuer;;;;;;;;
5;iniuria;;iniuriae f.;Unrecht;Beleidigung;;;;;;;;
5;inquam;;inquam, inquis, inquis (3 Ps. Sg. inquit);sage;sagt;;;;;er/sie/es sagt/sagte;"Imperium, inquit, ""mihi est."" Er sagte: ""Das Reich gehört mir."" ";;
5;insidiae;;insidiarum Pl.;Falle;Attentat;Hinterlist;;;;;;;
5;intellegere;mit Akkusativ;intellego, intellexi,intellectum;merken;bemerken;verstehen;;;;;;;
5;inter;;;unter;während;zwischen;;;;inter cenam - während des Essens ;Quid inter Romanos et barbaros interest? - Was ist der Unterschied zwischen den Römern und den Barbaren? ;;
5;interficere;;interficio, interfeci,interfectum;töten;vernichten;;;;;;;;
5;invenire;;invenio, inveni, inventum, invidiae f.;finden;erfinden;;;;;;;;
5;invidia;;;Neid;;;;;;;;;
5;ipse;;ipsa, ipsum (Gen. ipsius);selbst;persönlich;genau;;;;(er, sie, es) selbst;ipse feci - ich habe es selbst gemacht ;hac ipsa nocte - genau in dieser Nacht ;
5;ire;;eo, ii, itum;Gehen;;;;;;;;;
5;is;;ea, id (Gen. eius, Dat. ei);dieser;diese;dieses;er;;;;;;
5;;Adv. ;;sie;es;;;;;;;;
5;iste;Adv. ;ista, istud (Gen. istius);dieser;;;;;;dieser (da);;;
5;istic ;Adv.;;da;dort;;;;;da (bei dir);;;
5;ita ;Adv.;;so ;;;;;;;;;
5;itaque;;itineris n.;deshalb;;;;;;;;;
5;item;;iubeo, iussi, iussum ;ebenso;gleichfalls;;;;;Verres item fecit, ut praedones solent - Verres handelte ebenso, wie es Räuber gewöhnlich tun. ;;;
5;iter;;iudicis m.;Reise;Marsch;Weg;;;;iter facere - eine Reise machen / reisen / marschieren ;;;
5;iubere;;iudico;anordnen;befehlen;;;;;;;;
5;iudex;;iudicii n.;Richter;;;;;;;;;
5;iudicare;;iuris n.;beurteilen;urteilen;;;;;Iudex rem iudicat. - Der Richter fällt ein Urteil über die Angelegenheit. ;hominem improbum iudicare - einen Menschen als unanständig beurteilen ;;
5;iudicium;;laboris m.;Gericht;Urteil;;;;;;;;
5;ius;;lacrimae f.;Recht;;;;;;;;;
5;labor;;laudo;Anstrengung;Arbeit;;;;;;;;
5;lacrima;;laudis f.;Träne;;;;;;;;;
5;laudare;;legati m. ;Loben;;;;;;;;;
5;laus;;;Lob;Ruhm;;;;;;;;
5;legatus ;;;Bevollmächtigter;Gesandter;;;;;;;;
6;legere;;lego, legi, lectum;lesen;auswählen;;;;;;;;
6;legio;;legionis f.;Legion ;;;;;;;;;
6;lex;;legis f.;Gesetz;Bedingung;;;;;;;;
6;liber;;libri m. libera, liberum;Buch;frei;;;;;Omnes homines liberi a dolore esse volunt. - Alle Menschen wollen frei von Schmerz sein;;;
6;liberi;;liberorum Pl.;Kinder;;;;;;;;;
6;libertas;;libertatis f.;Freiheit;;;;;;;;;
6;licet;;licuit;es ist erlaubt;es ist möglich;;;;;;;;
6;littera;Sing.;;Buchstabe;;;;;;;;;
6;littera;Pl.;;Brief;Literatur;Wissenschaft;;;;;;;
6;litus;;litoris n.;Küste;Strand;;;;;;;;
6;locus;;(Pl. loca, locorum);Ort;Platz;Stelle;;;;;;;
6;longus;;longa, longum;lang;weit;;;;;longum iter - eine lange Reise ;;;
6;loqui;;loquor, locutus sum;reden;sprechen;;;;;;;;
6;lux;;lucis f.;Licht;Tageslicht;;;;;prima luce - bei Tagesanbruch ;in primam lucem - bis zum Morgengrauen;;
6;magis;Adv.;;mehr;eher;;;;;magis intellegere - besser verstehen ;Ciceronem non magis amo quam Caesarem. - Ich mag Cicero nicht mehr als Cäsar (= ich mag Cicero ebensosehr wie Cäsar).;;
6;magnitudo;;magnitudinis f.;Größe;;;;;;;;;
6;magnus;;magna, magnum;groß;bedeutend;;;;;;;;
6;male;Adv.;;schlecht;schlimm;;;;;male vivere - ärmlich od. unsittlich leben;;;
6;malum;;mali n.;Leid;Übel;Unglück;;;;;;;
6;malus;;mala, malum;schlecht;schlimm;;;;;;;;
6;manere;;maneo, mansi, mansurum;bleiben;warten;;;;;Scripta manent. - Geschriebenes bleibt. (d. h. es bleibt erhalten und gültig) ;;;
6;manere;mit Akkusativ;maneo, mansi, mansurum;warten auf;erwarten;;;;;;;;
6;manus;;manus f.;Hand;Schar;;;;;Schar von bewaffneten;;;
6;mare;;maris n.;Meer;;;;;;;;;
6;mater;;matris f.;Mutter;;;;;;;;;
6;medius;;media, medium;der mittlere;in der Mitte;;;;;;;;
6;memoria;;memoriae f.;Erinnerung;Gedächtnis;Zeit;;;;aliquid memoria tenere - etwas im Gedächtnis behalten ;;;
6;mens;;mentis f.;Geist;Sinn;Verstand;Meinung;;;;;;
6;metus;;metus m.;Angst;;;;;;;;;
6;meus ;;mea, meum ;mein ;;;;;;;;;
6;miles ;;militis m. ;Soldat ;;;;;;;;;
6;mille;;Sg. Indeklinabel, Pl. milia, milium;tausend;;;;;;;;;
6;miser;;misera, miserum;arm;erbärmlich;unglücklich;;;;;;;
6;mittere;;mitto, misi, missum;lassen;loslassen;schicken;werfen;;;litteras mittere - einen Brief schicken ;lapides de muro mittere - Steine von der Mauer werfen ;arma mittere - die Waffen wegwerfen ;
6;modo;;Adv.;eben;nur;;;;;eben noch;modo tibi dixi - ich habe dir eben noch gesagt ;;
6;modus;;modi m.;Art;Weise;Maß;;;;;;;
6;mons;;montis m.;Berg;;;;;;;;;
6;mori;;morior, mortuus sum;sterben;;;;;;;;;
6;mors;;mortis f.;Tod;;;;;;;;;
6;mos;Sing.;moris m.;Sitte;Brauch;;;;;;;;
6;mos;Pl.;;Charakter ;;;;;;;;;
7;movere;;moveo, movi, motum;bewegen;;;;;;;;;
7;mulier;;mulieris f.;Frau;;;;;;;;;
7;multitudo;;multitudinis f.;große Zahl;Menge;;;;;;;;
7;multus;;multa, multum;viel;;;;;;;;;
7;munus;;muneris n.;Aufgabe;Geschenk;;;;;munere fungi - seine Aufgabe erfüllen ;munus nuptiale - Hochzeitsgeschenk;;
7;nam(que);;;denn, nämlich;;;;;;;;;
7;nasci;;nascor, natus sum;entstehen;geboren werden;;;;;;;;
7;natura;;naturae f.;Beschaffenheit;Natur;Wesen;;;;homo difficillima natura - ein Mensch von sehr schwierigem Charakter;;;
7;navis;;navis f.;Schiff;;;;;;;;;
7;nec / neque;;;und nicht;auch nicht;nicht einmal;;;;;;;
7;negare;;nego;leugnen;verneinen;verweigern;;;;;;;
7;nemo;;neminis / nullius;niemand;;;;;;;;;
7;neque / nec;;;und nicht;auch nicht;nicht einmal;;;;;;;
7;neque … neque;;;weder noch;;;;;;;;;
7;nescire;;nescio, nescivi;nicht wissen;;;;;;;;;
7;nihil / nil;;;nichts;;;;;;;;;
7;nisi;;Subjunktion;wenn nicht;nur;;;;;Nisi laboraveris, praemium non accipies. - Wenn du nicht arbeitest, wirst du keinen Lohn erhalten.;Nihil egit nisi nugas. - Er machte nichts außer Unsinn. / Er machte nur Unsinn. ;;
7;nobilis;;nobilis, nobile;adelig;berühmt;vornehm;;;;;;;
7;nolle;;nolo, nolui;nicht wollen;;;;;;;;;
7;nomen;;nominis n.;Name;;;;;;;;;
7;non;;;nicht;;;;;;;;;
7;nos;Nom.;;wir;;;;;;;;;
7;nos;Akk.;;uns;;;;;;;;;
7;noscere ;;nosco, novi, notum ;erkennen;kennen;lernen;;;;;;;
7;noster ;;nostra, nostrum ;unser ;;;;;;;;;
7;novus;;nova, novum;neu;ungewöhnlich;;;;;;;;
7;nox;;noctis f.;Nacht;;;;;;;;;
7;nullus;;nulla, nullum (Gen. nullius);Kein;;;;;;;;;
7;numerus;;numeri m.;Zahl;Menge;;;;;;;;
7;numquam;Adv.;;niemals;;;;;;;;;
7;nunc;Adv.;;jetzt;nun;;;;;;;;
7;nuntiare;;nuntio;melden;;;;;;;;;
7;o(h);;;ach;oh;;;;;;;;
7;ob;mit Akkusativ;;wegen;für;;;;;Quam ob rem - Wegen dieser Sache / Deswegen;;;
7;obses;;obsidis m. / f.;Geisel;;;;;;;;;
7;occupare;;occupo;Besetzen;einnehmen;;;;;;;;
7;oculus;;oculi m.;Auge;;;;;;;;;
7;officium ;;officii n. ;Dienst;Pflichtgefühl;Pflicht;;;;;;;
8;omnis;;omnis, omne;ganz;jeder;alle;;;;;;;
8;opera;;operae f.;Arbeit;Mühe;;;;;;;;
8;oportet;;oportuit;es gehört sich;es ist nötig;;;;;;;;
8;oppidum;;oppidi n.;Stadt;;;;;;;;;
8;ops;Sing.;opis f.;Hilfe;Kraft;;;;;summa ope - mit aller Kraft;opem ferre - Hilfe bringen ;;
8;ops;Pl.;;Mittel;Macht;Reichtum;;;;opes et dignitatem tenere - Reichtum und Ansehen besitzen;;;
8;opus;;operis n.;Arbeit;Werk;;;;;;;;
8;orare;;oro;bitten;;;;;;;;;
8;oratio;;orationis f.;Rede;;;;;;orationem habere - eine Rede halten ;;;
8;orbis;;orbis m.;Kreis;Erdkreis;Kreislauf;Welt;;;;;;
8;ordo;;ordinis m.;Ordnung;Reihe;Stand;;;;ordine narrare - der Reihe nach erzählen;ordo senatorius - der Senatorenstand;;
8;oriri;;orior, ortus sum;entstehen;sich erheben;;;;;;;;
8;os;;oris n.;Gesicht;Mund;;;;;;;;
8;ostendere;;ostendo,ostendi;zeigen;erklären;;;;;;;;
8;par;;par, par (Genitiv: paris);ebenbürtig;gleich;;;;;pares amici - gleichgesinnte Freunde ;Nemo Achilli par erat in pugna. - Niemand war Achilles im Kampf ebenbürtig.;;
8;parare;;paro;bereiten;vorbereiten;vorhaben;erwerben;;;;;;
8;parens;Sing.;parentis m. / f.;Vater;Mutter;;;;;;;;
8;parens;Pl.;;Eltern;;;;;;;;;
8;pars;;partis f.;Teil;Seite;Richtung;;;;in tres partes dividere - in drei Teile teilen ;;;
8;parum;Adv.;;wenig;zu wenig;;;;;parum temporis - zu wenig Zeit ;;;
8;parvus;;parva, parvum;klein;gering;;;;;;;;
8;pater;;patris m.;Vater;;;;;;;;;
8;pati;;patior, passus sum;leiden;erleiden;ertragen;zulassen;;;dolorem pati - Schmerzen erleiden  ;;;
8;patria;;patriae f.;Heimat;;;;;;;;;
8;pauci;;paucae, pauca;Wenige;;;;;;;;;
8;paulo;Adv.;;ein wenig;um ein wenig;;;;;paulo post - kurz danach / wenig später ;;;
8;pax;;pacis f.;Frieden;;;;;;;;;
8;pectus;;pectoris n.;Brust;Herz;;;;;;;;
8;pecunia;;pecuniae f.;Geld;Vermögen;;;;;;;;
8;per;mit Akkusativ;;durch;hindurch;;;;;;;;
8;periculum;;periculi n.;Gefahr;;;;;;;;;
8;perire;;pereo, perii, periturum;umkommen;zugrunde gehen;;;;;;;;
8;pervenire;;pervenio, perveni,perventum ad / in mit Akk. ;kommen zu;kommen nach;;;;;;;;
8;pes ;;pedis m. ;Fuß ;;;;;;;;;
8;petere;;peto, petivi, petitum;suchen;aufsuchen;streben;erstreben;bitten;verlangen;gloriam petere - nach Ruhm streben;Romam petere - nach Rom eilen ;hostes petere - Feinde angreifen;auxilium petere - um Hilfe bitten 
8;placere;;placeo;Gefallen;beschließen;;;;;Hae aedes mihi placent. - Dieses Haus gefällt mir. ;Placetne? - Gefällt es? = Bist du einverstanden? = Ok?;Senatui placuit bellum parare. - Der Senat hat beschlossen, zum Krieg zu rüsten.;
8;plerique;;pleraeque, pleraque;die meisten;sehr viele;;;;;;;;
8;plurimi;;plurimae, plurima;sehr viele;;;;;;;;;
8;plus;;pluris (Gen.);mehr;;;;;;;;;
8;poena;;poenae f.;Strafe;;;;;;;;;
8;polliceri;;polliceor, pollicitus sum;versprechen;;;;;;;;;
8;ponere;;pono, posui, positum;stellen;aufstellen;hinlegen;legen;setzen;;;;;
8;populus;;populi m.;Volk;;;;;;;;;
8;posse;;possum, potui;können;;;;;;;;;
8;post ;mit Akkusativ ;;hinter nach  ;;;;;;;;;
9;post;Adv.;;dann;später;;;;;post cenam - nach dem Essen;post turrim - hinter dem Turm ;;
9;postea;Adv.;;nachher;später;;;;;paulo post - kurz danach/darauf ;;;
9;postquam;;Subjunktion mit Indikativ;nachdem;als;;;;;Postquam Caesar Galliam subegit, Romam revertit. - Nachdem Cäsar Gallien unterworfen hatte, kehrte er nach Rom zurück.;;;
9;postulare;;Postulo;fordern;;;;;;;;;
9;potestas;;potestatis f.;Gewalt;Amtsgewalt;Macht;Möglichkeit;;;;;;
9;potius;Adv.;;eher;lieber;;;;;;;;
9;praesidium;;praesidii n.;Posten;Wachposten;Schutztruppe;;;;praesidio relinquere - zum Schutz zurücklassen ;;;
9;praeter;mit Akkusativ;;außer;;;;;;praeter consuetudinem - entgegen der Gewohnheit;;;
9;praeterea;Adv.;;außerdem;;;;;;;;;
9;praetor;;praetoris m.;Prätor;;;;;;;;;
9;premere;;premo, pressi, pressum;drücken;unterdrücken;bedrängen;;;;;;;
9;primum;Adv.;;erstens;zuerst;zum ersten mal;;;;;;;
9;primus;;prima, primum;der erste;;;;;;;;;
9;princeps;;principis m.;der Erste;der führende;Mann;;;;Caesar principes civitatis convocavit. - Cäsar rief die Stammeshäuptlinge zusammen.;;;
9;pro;mit Ablativ;;vor;an stelle von;entsprechend;;;;;;;
9;procul;Adv.;;von fern;weit weg;;;;;;;;
9;proelium;;proelii n.;kampf;Schlacht;;;;;proelium committere - eine Schlacht liefern ;proelium inire - eine Schlacht beginnen ;;
9;proficisci;;proficiscor, profectus sum;reisen;abreisen;aufbrechen;;;;;;;
9;prohibere;;prohibeo  (a mit Ablativ);abhalten;hindern an;;;;;abhalten von;;;
9;prope;Adv.;;nahe;beinahe;;;;;;;;
9;propius;Adv.;;näher;;;;;;;;;
9;propter;mit Akkusativ;;wegen;;;;;;;;;
9;provincia;;provinciae f.;Provinz;;;;;;;;;
9;publicus;;publica, publicum;öffentlich;staatlich;;;;;;;;
9;puer;;pueri m.;Junge;Bub;;;;;;;;
9;pugnare;;pugno;Kämpfen;;;;;;;;;
9;pulcher;;pulchra, pulchrum;schön;;;;;;;;;
9;putare;;puto;glauben;meinen;;;;;;;;
9;putare;mit doppeltem Akkusativ;puto;halten für;;;;;;;;;
9;quaerere;;quaero, quaesivi,quaesitum (ex/de m. Abl.);erwerben wollen;suchen;fragen;;;;;;;
9;quam ;; ;als;wie;möglichst;;;;Quam fortis Caesar erat! - Wie tapfer war Cäsar! ;Nemo fortior erat quam Caesar. - Niemand war tapferer als Cäsar. ;Veni quam celerrime! - Komm möglichst schnell! ;
9;quamquam;Subjunktion m. Indikativ;;obwohl;;;;;;;;;
9;quamquam;im Hauptsatz;;freilich;;;;;;;;;
9;quantus;;quanta, quantum;wie groß;wie viel;;;;;;;;
9;quasi;Adv.;;gleichsam;;;;;;Romani Caesarem quasi deum coluerunt. - Die Römer verehrten Cäsar geradezu wie einen Gott.;;;
9;quasi;Subjunktion;;wie wenn;als ob;;;;;Caesar se tam arroganter gessit, quasi rex esset. - Cäsar verhielt sich so anmaßend, als ob er ein König wäre. ;;;
9;-que;;;und;;;;;;puellae puerique - Mädchen und Jungen;;;
9;queri;;queror, questus sum ;klagen;;;;;;;;;
9;queri;mit Akkusativ;;sich beklagen;sich beklagen über;;;;;;;;
9;qui;;quae, quod;welcher;welche;welches;der;die ;das;Qui imperator Galliam subiecit? - Welcher Feldherr hat Gallien unterworfen? ;;;
9;qui;relativer Satzanschluss:;;dieser;diese;dieses;;;;;;;
9;quia ;;Subjunktion mit Indikativ ;weil ;;;;;;;;;
10;quidam;;quaedam, quiddam ;ein gewisser;irgendeiner;einige;;;;;;;
10;quidem;Adv.;;freilich;gewiss;wenigstens;zwar;;;;;;
10;quin;im Hauptsatz;;vielmehr;warum nicht;;;;;Quin me adiuvas? - Warum hilfst du mir nicht? ;;;
10;quin;Subjunktion mit Konjuktiv;;dass nicht;dass;;;;;dass (in festen wendungen);Nihil tam difficile est, quin quarendo investigari possit. - Nichts ist so schwierig, dass es nicht durch Fragen herausgefunden werden kann.;Nemo te prohibet, quin venias. - Niemand hindert dich zu kommen.;
10;quis;;;wer;;;;;;;;;
10;quisquam;;quaequam, quidquam,(quicquam);irgendjemand;jemand;irgendetwas;etwas;;;Vix quisquam hoc invenire potest. - Fast keiner kann dieses finden.;;;
10;quisque;;quidque (substantivisch);jeder;;;;;;quinto quoque anno - jedes fünfte Jahr = alle vier Jahre;optimus quisque - jeder beste = gerade die besten ;;
10;quo;;;wie;wo;wohin;damit;umso;;que ut eo;;;
10;quod;;Subjunktion mit Indikativ;dass;weil;;;;;;;;
10;quoniam;;Subjunktion mit Indikativ;da ja;;;;;;;;;
10;quoque;;(nachgestellt);auch;;;;;;;;;
10;ratio;;rationis f.;Grund;Vernunft;Überlegeung;Art und Weise;Berechnung;;;;;
10;recipere;;recipio, recepi, receptum;aufnehmen, wieder;wieder bekommen;zurücknehmen;;;;;;;
10;rectus;;recta, rectum;gerade;recht;richtig;;;;;;;
10;reddere;;reddo, reddidi, redditum;etwas zukommen lassen;zurückgeben;;;;;;;;
10;reddere;mit doppeltem Akkusativ;;jemanden zu etwas machen;;;;;;Verres provinciam solitudinem reddidit. - Verres machte die Provinz zu einer Einöde;;;
10;redire;;redeo, redii, reditum;zurückgehen;zurückkehren;;;;;;;;
10;referre;;refero, rettuli, relatum;bringen;zurückbringen;berichten;;;;praedam magnam referre - große Beute heimbringen;Legati responsum Caesaris rettulerunt. - Die Gesandten meldeten/ berichteten die Antwort Cäsars. ;;
10;regio;;regionis f.;Gebiet;Gegend;Richtung;;;;;;;
10;regnum;;regni n.;Herrschaft;Königsherrschaft;Reich;;;;;;;
10;religio ;;religionis f. ;Aberglaube;Glaube;Gottesverehrung;Verehrung;Frömmigkeit;;;;;
10;relinquere;;relinquo, reliqui, relictum;unbeachtet lassen;verlassen;zurücklassen;;;;;;;
10;reliquus;;reliqua, reliquum;künftig;übrig;;;;;;;;
10;reperire;;reperio, repperi, repertum;finden;wiederfinden;;;;;;;;
10;res;;rei f.;Angelegenheit;Ding;Sache;;;;;;;
10;res publica;;rei publicae f.;Staat;;;;;;;;;
10;respondere;;respondeo, respondi,responsum;Antworten;entsprechen;;;;;;;;
10;rex;;regis m.;König;;;;;;;;;
10;rogare;;rogo;bitten;erbitten;fragen;;;;auxilium rogare - um Hilfe bitten ;;;
10;rursus ;Adv. ;;wieder ;;;;;;;;;
11;saepe;Adv.;;oft;;;;;;;;;
11;salus;;salutis f.;Gesundheit;Glück;Rettung;Gruß;;;;;;
11;sanguis;;sanguinis m.;Blut;;;;;;;;;
11;satis;Adv.;;genug;;;;;;satis temporis - genug Zeit ;;;
11;scelus;;sceleris n.;Verbrechen;Schurke;;;;;;;;
11;scire;;scio, scivi;kennen;verstehen;wissen;;;;;;;
11;scribere;;scribo, scripsi, scriptum;beschreiben;schreiben;;;;;;;;
11;secum;;;mit sich;bei sich;;;;;;;;
11;sed;;;aber;sondern;;;;;Non bene, sed male laboravit. - Er hat nicht gut, sondern schlecht gearbeitet.;;;
11;semper;Adv.;;immer;;;;;;;;;
11;senatus;;senatus m.;Senat;Senatsversammlung;;;;;;;;
11;senex;;senis m.;Greis;alter Mann;;;;;;;;
11;sententia;;sentantiae f.;Antrag;Meinung;Satz ;Sinn;;;Antrag im Senat;;;
11;sentire;;sentio, sensi, sensum;fühlen, meinen,;meinen;wahrnehmen;;;;;;;
11;sequi;;sequor, secutus sum;folgen;;;;;;;;;
11;servo;;servo ( a mit Ablativ);bewachen;retten;retten vor;beobachten;;;;;;
11;servus;;servi m.;Diener;Sklave;;;;;;;;
11;si;;Subjunktion;falls;wenn;ob;;;;;;;
11;sic;Adv.;;so;;;;;;;;;
11;signum;;signi n.;Merkmal;zeichen;Statue;;;;;;;
11;silva;;silvae f.;Wald;;;;;;;;;
11;similis;;similis, simile (m. Gen/Dat);ähnlich;;;;;;patri/patris similis - dem Vater ähnlich;;;
11;simul;Adv.;;gleichzeitig;zugleich;;;;;;;;
11;simul;Subjunktion;;sobald;;;;;;;;;
11;sine;mit Ablativ;;ohne;;;;;;;;;
11;socius;;socii m.;Gefährte;Verbündeter;;;;;;;;
11;sol;;solis m.;Sonne;;;;;;;;;
11;solere;;soleo, solitus sum;gewohnt sein;gewöhnlich;etwas tun;;;;Post cenam dormire soleo. - Nach dem Essen schlafe ich gewöhnlich. ;;;
11;solum;;;nur;;;;;;;;;
11;solus ;;sola, solum ;allein;einzig;;;;;;;;
11;solvere ;;solvo, solvi, solutum ;auflösen;bezahlen;lösen;;;;;;;
11;spes;;spei f.;Erwartung;Hoffnunug;;;;;;;;
11;stare;;sto, steti, staturum;stehen;;;;;;;;;
11;statuere;;statuo,statui, statutum;aufstellen;beschließen;festsetzen;;;;;;;
11;studium;;studii n.;Beschäftigung;Engagement;Interesse;;;;;;;
11;sub;mit Ablativ;;unten an;unten bei;unter;;;;unter (wo?);;;
11;sub;mit Akkusativ;;nahe an heran;unter;;;;;unter (wohin?);;;
11;sumere;;sumo, sumpsi, sumptum;nehmen;;;;;;;;;
11;summus;;summa, summum;der höchste;der letzte;der oberste;;;;in summo monte - auf der Spitze des Berges ;summo cum studio - mit größtem Eifer ;;
12;superare;;supero;besiegen;überragen;übertreffen;;;;;;;
12;superi;;superorum Pl.;die Götter;;;;;;;;;
12;supplicium;;supplicii n.;flehentliches Bitten;Hinrichtung;Strafe;;;;;;;
12;sustinere;;sustineo, sustinui;ertragen;standhalten;;;;;;;;
12;suus;;sua, sum;ihr;sein;;;;;;;;
12;talis;;talis, tale;derartig, ein solcher, so;ein solcher;so;;;;so (beschaffen);Templum tale aedificaverunt, quale numquam ante videram. - Sie errichteten einen solchen Tempel, wie ich ihn niemals vorher gesehen hatte. ;;
12;tam;;;so;;;;;;Milites tam fortiter pugnaverunt, ut hostes fugerent. - Die Soldaten kämpften so taper, dass die Feinde flohen.;;;
12;tamen;;;dennoch;jedoch;;;;;;;;
12;tandem;im Aussagesatz;;endlich;;;;;;;;;
12;tandem;im Fragesatz;;denn eigentlich;;;;;;;;;
12;tantum;;;nur;;;;;;dixit tantum, nihil ostendit - er hat nur geredet, dargelegt hat er nichts;non tantum…., sed etiam - nich nur…, sondern auch ;;
12;tantus;;tanta, tantum;so groß;so viel;;;;;;;;
12;telum;;teli n.;Waffe;Angriffswaffe;Geschoss;;;;;;;
12;templum;;templi n.;heiliger Ort;Tempel;;;;;;;;
12;tempus;;temporis n.;zeit;günstige Zeit ;Umstände;;;;;;;
12;tenere;;teneo, tenui, tentum;besitzen;festhalten;;;;;;;;
12;terra;;terrae f.;Erde;Land;;;;;;;;
12;tertius;;tertia, tertium;der dritte;;;;;;;;;
12;timere;;timeo;Angst haben;fürchten;;;;;;;;
12;tollere;;tollo, sustuli, sublatum;aufheben;in die Höhe heben;wegnehmen;;;;;;;
12;tot;;indeklinabel;so viele;;;;;;Quot capita, to sententiae! - Wie viele Köpfe es gibt, so viele Meinungen gibt  ;;;
12;totus;;tota, totum (Gen. totius);ganz;;;;;;toto orbe terrarum - auf der ganzen Welt ;;;
12;tradere;;trado, tradidi, traditum;übergeben;überliefern;;;;;;;;
12;trahere;;traho, traxi, tractum;schleppen;ziehen;;;;;;;;
12;transire;;transeo, transii, transitum;durchqueren;hinübergehen;überschreiten;;;;flumen transire - einen Fluss durchqueren ;Alpes transire - die Alpen überschreiten;;
12;tres;;tres, tria;drei;;;;;;;;;
12;tu;;;du;;;;;;;;;
12;tum;Adv.;;da;damals;dann darauf;;;;;;;
12;tutus;;tuta, tutum;sicher;sicher vor;;;;;Hic tuti a latronibus sumus - Hier sind wir sicher vor Räubern.;;;
12;tuus ;;tua, tuum ;dein ;;;;;;;;;
12;ubi ;; ;wo;;;;;;Ubi habitas? - Wo wohnst du? ;;;
12;ubi ;Subjunktion mit Indikativ;;sobald;;;;;;Ubi Caesar de hac re cognovit, profectus est. - Sobald Caesar von dieser Sache erfahren hatte, brach er auf.;;;
12;ullus;;ulla, ullum (Gen. ullius);irgendeiner;;;;;;;;;
12;ultimus;;ultima, ultimum;der äußerste;der entfernteste;der letzte;;;;;;;
12;una;Adv.;;zugleich;zusammen;;;;;una cum amicis in thermas it - er geht zusammen mit den Freunden in die Badanlage;amici una Romam iter fecerunt - die Freunde reisten zusammen nach Rom;;
12;unde;;;woher;;;;;;;;;
12;unus;;una, unum (Gen. unius);ein;einer;ein einziger;;;;;;;
12;unus;ex / de mit Ablativ;;einer von;;;;;;;;;
12;urbs;;urbis f.;Stadt;Hauptstadt;;;;;;;;
12;usus;;usus m.;Benutzung;Nutzen;;;;;;;;
12;ut;Adv.;;wie;;;;;;;;;
12;ut;Subjunktion m. Indikativ;;sobald;sooft;;;;;;;;
12;ut;Subj. m. Konjunktiv ;;dass;sodass;damit;angenommen dass;wenn auch;;;;;
13;uterque;;;beide;jeder;jeder von zweien;;;;uterque consul interfectus est - beide Konsuln wurden getötet ;;;
13;uti;;utor, usus sum (m. Abl.);benützen;gebrauchen;;;;;;;;
13;uxor;;uxoris f.;Ehefrau;;;;;;;;;
13;valere;;valeo;Einfluss haben;gesund sein;stark sein;;;;;;;
13;vel;;;oder;sogar;;;;;;;;
13;velle;;volo, volui;wollen;;;;;;;;;
13;venire;;venio, veni, ventum;kommen;;;;;;;;;
13;ventus;;venti m.;Wind;;;;;;;;;
13;verbum;;verbi n.;Wort;Äußerung;;;;;;;;
13;vero;Adv.;;in der Tat;wirklich;aber;;;;magnum vero opus confecisti - du hast ein wirklich großes Werk vollendet;Saltare nescio, cantare vero scio. - Ich kann nicht tanzen, aber singen. ;;
13;verum;Adv.;;aber;sondern;;;;;;;;
13;verus;;vera, verum;echt;richtig;wahr;;;;vir vere Romanus - ein wahrhaft römischer Mann, ein echter Römer ;;;
13;vester;;vestra, vestrum;euer;;;;;;;;;
13;vetus;;vetus, vetus (Gen. veteris);alt;;;;;;;;;
13;via;;viae f.;Straße;Weg;;;;;;;;
13;victor;;victoris m.;Sieger;;;;;;;;;
13;victor;(als ) Adjektiv;;siegreich;;;;;;;;;
13;victoria;;victoriae f.;Sieg;;;;;;;;;
13;videre;;video, vidi, visum;sehen;darauf achten;;;;;Negotia mea vide, quaeso! - Schau nach meinen Geschäften, bitte!;;;
13;videri;;videor, visus sum;scheinen;gelten;gelten als;;;;Hoc facile esse videtur. - Dies scheint leicht zu sein.;;;
13;vincere;;vinco, vici, victum;siegen;besiegen;übertreffen;;;;;;;
13;vir;;viri m.;Mann;;;;;;;;;
13;virgo;;virginis f.;Mädchen;;;;;;;;;
13;virtus;Sing.;virtutis f.;Tapferkeit;Tüchtigkeit;Vortrefflichkeit;Leistung;;;;;;
13;virtus;Pl.;;gute Eigenschaften;Verdienste;;;;;;;;
13;vis;Sing.;Akk. vim, Abl. Vi;Gewalt;Kraft;Menge;;;;;;;
13;vis;Pl.;vires, virium (Gen.);Streitkräfte;;;;;;;;;
13;vita;;vitae f.;Leben;Lebensweise;;;;;;;;
13;vivere;;vivo, vixi, victurum;leben;;;;;;;;;
13;vocare ;;voco ;nennen;benennen;rufen;;;;;;;
13;vos ;Nominativ ;;Ihr ;;;;;;;;;
13;vos ;Akkusativ;;euch;;;;;;;;;
13;vox;;vocis f.;Stimme;Äußerung;Laut;;;;magna voce loqui - mit lauter Stimme sprechen;;;
13;vulnus;;vulneris n.;Wunde;Verlust;;;;;Verlust (militär.);vulnus accipere/excipere - eine Wunde erleiden ;vulnus alicui inferre - eine Wunde jemandem zufügen ;
13;vultus ;Sing.;vultus m. ;Gesicht,;Gesichtsausdruck;;;;;vultus tristis - eine trauriger Gesichtsausdruck ;;;
13;vultus ;Pl.;;Gesichtszüge;;;;;;;;;